"age","balance","day","duration","job","marital","y"
"58","2143","5","261","management","married","no"
"44","29","5","151","technician","single","no"
"33","2","5","76","entrepreneur","married","no"
"47","1506","5","92","blue-collar","married","no"
"33","1","5","198","unknown","single","no"
"35","231","5","139","management","married","no"
"28","447","5","217","management","single","no"
"42","2","5","380","entrepreneur","divorced","no"
"58","121","5","50","retired","married","no"
"43","593","5","55","technician","single","no"
"41","270","5","222","admin.","divorced","no"
"29","390","5","137","admin.","single","no"
"53","6","5","517","technician","married","no"
"58","71","5","71","technician","married","no"
"57","162","5","174","services","married","no"
"51","229","5","353","retired","married","no"
"45","13","5","98","admin.","single","no"
"57","52","5","38","blue-collar","married","no"
"60","60","5","219","retired","married","no"
"33","0","5","54","services","married","no"
"28","723","5","262","blue-collar","married","no"
"56","779","5","164","management","married","no"
"32","23","5","160","blue-collar","single","no"
"25","50","5","342","services","married","no"
"40","0","5","181","retired","married","no"
"44","-372","5","172","admin.","married","no"
"39","255","5","296","management","single","no"
"52","113","5","127","entrepreneur","married","no"
"46","-246","5","255","management","single","no"
"36","265","5","348","technician","single","no"
"57","839","5","225","technician","married","no"
"49","378","5","230","management","married","no"
"60","39","5","208","admin.","married","no"
"59","0","5","226","blue-collar","married","no"
"51","10635","5","336","management","married","no"
"57","63","5","242","technician","divorced","no"
"25","-7","5","365","blue-collar","married","no"
"53","-3","5","1666","technician","married","no"
"36","506","5","577","admin.","divorced","no"
"37","0","5","137","admin.","single","no"
"44","2586","5","160","services","divorced","no"
"50","49","5","180","management","married","no"
"60","104","5","22","blue-collar","married","no"
"54","529","5","1492","retired","married","no"
"58","96","5","616","retired","married","no"
"36","-171","5","242","admin.","single","no"
"58","-364","5","355","self-employed","married","no"
"44","0","5","225","technician","married","no"
"55","0","5","160","technician","divorced","no"
"29","0","5","363","management","single","no"
"54","1291","5","266","blue-collar","married","no"
"48","-244","5","253","management","divorced","no"
"32","0","5","179","management","married","no"
"42","-76","5","787","admin.","single","no"
"24","-103","5","145","technician","single","no"
"38","243","5","174","entrepreneur","single","no"
"38","424","5","104","management","single","no"
"47","306","5","13","blue-collar","married","no"
"40","24","5","185","blue-collar","single","no"
"46","179","5","1778","services","married","no"
"32","0","5","138","admin.","married","no"
"53","989","5","812","technician","divorced","no"
"57","249","5","164","blue-collar","married","no"
"33","790","5","391","services","married","no"
"49","154","5","357","blue-collar","married","no"
"51","6530","5","91","management","married","no"
"60","100","5","528","retired","married","no"
"59","59","5","273","management","divorced","no"
"55","1205","5","158","technician","married","no"
"35","12223","5","177","blue-collar","single","no"
"57","5935","5","258","blue-collar","married","no"
"31","25","5","172","services","married","no"
"54","282","5","154","management","married","no"
"55","23","5","291","blue-collar","married","no"
"43","1937","5","181","technician","married","no"
"53","384","5","176","technician","married","no"
"44","582","5","211","blue-collar","married","no"
"55","91","5","349","services","divorced","no"
"49","0","5","272","services","divorced","no"
"55","1","5","208","services","divorced","no"
"45","206","5","193","admin.","single","no"
"47","164","5","212","services","divorced","no"
"42","690","5","20","technician","single","no"
"59","2343","5","1042","admin.","married","yes"
"46","137","5","246","self-employed","married","no"
"51","173","5","529","blue-collar","married","no"
"56","45","5","1467","admin.","married","yes"
"41","1270","5","1389","technician","married","yes"
"46","16","5","188","management","divorced","no"
"57","486","5","180","retired","married","no"
"42","50","5","48","management","single","no"
"30","152","5","213","technician","married","no"
"60","290","5","583","admin.","married","no"
"60","54","5","221","blue-collar","married","no"
"57","-37","5","173","entrepreneur","divorced","no"
"36","101","5","426","management","married","no"
"55","383","5","287","blue-collar","married","no"
"60","81","5","101","retired","married","no"
"39","0","5","203","technician","married","no"
"46","229","5","197","management","married","no"
"44","-674","5","257","blue-collar","married","no"
"53","90","5","124","blue-collar","married","no"
"52","128","5","229","blue-collar","married","no"
"59","179","5","55","blue-collar","married","no"
"27","0","5","400","technician","single","no"
"44","54","5","197","blue-collar","married","no"
"47","151","5","190","technician","married","no"
"34","61","5","21","admin.","married","no"
"59","30","5","514","retired","single","no"
"45","523","5","849","management","married","no"
"29","31","5","194","services","divorced","no"
"46","79","5","144","technician","divorced","no"
"56","-34","5","212","self-employed","married","no"
"36","448","5","286","blue-collar","married","no"
"59","81","5","107","retired","divorced","no"
"44","144","5","247","blue-collar","married","no"
"41","351","5","518","admin.","married","no"
"33","-67","5","364","management","single","no"
"59","262","5","178","management","divorced","no"
"57","0","5","98","technician","married","no"
"56","56","5","439","technician","divorced","no"
"51","26","5","79","blue-collar","married","no"
"34","3","5","120","admin.","married","no"
"43","41","5","127","services","married","no"
"52","7","5","175","technician","married","no"
"33","105","5","262","technician","single","no"
"29","818","5","61","admin.","single","no"
"34","-16","5","78","services","married","no"
"31","0","5","143","blue-collar","married","no"
"55","2476","5","579","services","married","yes"
"55","1185","5","677","management","married","no"
"32","217","5","345","admin.","single","no"
"38","1685","5","185","technician","single","no"
"55","802","5","100","admin.","single","no"
"28","0","5","125","unemployed","single","no"
"23","94","5","193","blue-collar","married","no"
"32","0","5","136","technician","single","no"
"43","0","5","73","services","single","no"
"32","517","5","528","blue-collar","married","no"
"46","265","5","541","blue-collar","married","no"
"53","947","5","163","housemaid","divorced","no"
"34","3","5","301","self-employed","single","no"
"57","42","5","46","unemployed","married","no"
"37","37","5","204","blue-collar","married","no"
"59","57","5","98","blue-collar","married","no"
"33","22","5","71","services","married","no"
"56","8","5","157","blue-collar","divorced","no"
"48","293","5","243","unemployed","married","no"
"43","3","5","186","services","married","no"
"54","348","5","579","blue-collar","married","no"
"51","-19","5","163","blue-collar","married","no"
"26","0","5","610","student","single","no"
"40","-4","5","2033","management","married","no"
"39","18","5","85","management","married","no"
"50","139","5","114","technician","married","no"
"41","0","5","114","services","married","no"
"51","1883","5","57","blue-collar","married","no"
"60","216","5","238","retired","divorced","no"
"52","782","5","93","blue-collar","married","no"
"48","904","5","128","blue-collar","married","no"
"48","1705","5","107","services","married","no"
"39","47","5","181","technician","single","no"
"47","176","5","303","services","single","no"
"40","1225","5","558","blue-collar","married","no"
"45","86","5","270","technician","married","no"
"26","82","5","228","admin.","single","no"
"52","271","5","99","management","married","no"
"54","1378","5","240","technician","married","no"
"54","184","5","673","admin.","married","yes"
"50","0","5","233","blue-collar","married","no"
"35","0","5","1056","blue-collar","married","no"
"44","1357","5","250","services","married","no"
"53","19","5","252","entrepreneur","married","no"
"35","434","5","138","retired","single","no"
"60","92","5","130","admin.","divorced","no"
"53","1151","5","412","admin.","divorced","no"
"48","41","5","179","unemployed","married","no"
"34","51","5","19","technician","married","no"
"54","214","5","458","services","married","no"
"51","1161","5","717","management","married","no"
"31","37","5","313","services","married","no"
"35","787","5","683","technician","divorced","no"
"35","59","5","1077","services","married","no"
"38","253","5","416","technician","married","no"
"36","211","5","146","admin.","married","no"
"58","235","5","167","retired","married","no"
"40","4384","5","315","services","divorced","no"
"54","4080","5","140","management","married","no"
"34","53","5","346","blue-collar","single","no"
"31","0","5","562","management","single","no"
"51","2127","5","172","retired","married","no"
"33","377","5","217","management","married","no"
"55","73","5","142","management","married","no"
"42","445","5","67","admin.","married","no"
"34","243","5","291","blue-collar","married","no"
"33","307","5","309","blue-collar","single","no"
"38","155","5","248","services","married","no"
"50","173","5","98","technician","divorced","no"
"43","400","5","256","management","married","no"
"61","1428","5","82","blue-collar","divorced","no"
"47","219","5","577","admin.","married","no"
"48","7","5","286","self-employed","married","no"
"44","575","5","477","blue-collar","married","no"
"35","298","5","611","student","single","no"
"35","0","5","471","services","married","no"
"50","5699","5","381","services","married","no"
"41","176","5","42","management","married","no"
"41","517","5","251","management","married","no"
"39","257","5","408","services","single","no"
"42","56","5","215","retired","married","no"
"38","-390","5","287","blue-collar","married","no"
"53","330","5","216","retired","married","no"
"59","195","5","366","housemaid","divorced","no"
"36","301","5","210","services","married","no"
"54","-41","5","288","blue-collar","married","no"
"40","483","5","168","technician","married","no"
"47","28","5","338","unknown","married","no"
"53","13","5","410","unemployed","married","no"
"46","965","5","177","housemaid","married","no"
"39","378","5","127","management","married","no"
"40","219","5","357","unemployed","married","no"
"28","324","5","175","blue-collar","married","no"
"35","-69","5","300","entrepreneur","divorced","no"
"55","0","5","136","retired","married","no"
"43","205","5","1419","technician","divorced","no"
"48","278","5","125","blue-collar","married","no"
"58","1065","5","213","management","married","no"
"33","34","5","27","management","single","no"
"36","1033","5","238","blue-collar","married","no"
"53","1467","5","124","services","divorced","no"
"47","-12","5","18","blue-collar","married","no"
"31","388","5","730","services","married","no"
"57","294","5","746","entrepreneur","married","no"
"53","1827","5","121","blue-collar","married","no"
"55","627","5","247","blue-collar","married","no"
"45","25","5","40","blue-collar","married","no"
"53","315","5","181","admin.","divorced","no"
"37","0","5","79","blue-collar","married","no"
"44","66","5","206","admin.","divorced","no"
"49","-9","5","389","blue-collar","divorced","no"
"46","349","5","127","technician","married","no"
"43","100","5","702","entrepreneur","married","no"
"38","0","5","151","admin.","married","no"
"43","434","5","117","technician","married","no"
"49","3237","5","232","management","married","no"
"42","275","5","408","management","married","no"
"22","0","5","179","blue-collar","single","no"
"40","207","5","39","management","married","no"
"39","483","5","282","blue-collar","married","no"
"51","2248","5","714","services","married","no"
"49","428","5","50","admin.","married","no"
"53","0","5","181","blue-collar","married","no"
"34","0","5","142","services","single","no"
"33","140","5","227","technician","divorced","no"
"50","297","5","119","management","single","no"
"39","279","5","361","blue-collar","married","no"
"59","901","5","73","entrepreneur","divorced","no"
"30","2573","5","67","technician","single","no"
"36","143","5","350","services","married","no"
"40","475","5","332","blue-collar","married","no"
"53","70","5","611","blue-collar","married","no"
"34","318","5","113","management","single","no"
"37","275","5","132","technician","married","no"
"42","742","5","58","management","divorced","no"
"41","236","5","151","entrepreneur","married","no"
"30","25","5","89","student","single","no"
"37","600","5","152","management","single","no"
"39","-349","5","611","admin.","divorced","no"
"41","183","5","110","blue-collar","married","no"
"40","0","5","463","blue-collar","married","no"
"42","0","5","562","management","single","yes"
"40","0","5","962","blue-collar","divorced","no"
"57","1078","5","10","technician","married","no"
"56","155","5","118","entrepreneur","divorced","no"
"37","190","5","92","admin.","married","no"
"59","319","5","143","retired","married","no"
"39","-185","5","189","services","divorced","no"
"49","47","5","234","services","married","no"
"38","570","5","75","services","single","no"
"36","19","5","189","self-employed","married","no"
"50","61","5","621","blue-collar","married","no"
"41","-62","5","55","admin.","married","no"
"54","258","5","310","technician","married","no"
"58","76","5","156","blue-collar","married","no"
"30","0","5","5","blue-collar","single","no"
"33","352","5","225","admin.","single","no"
"47","368","5","125","admin.","married","no"
"50","339","5","2","technician","single","no"
"32","1331","5","286","blue-collar","married","no"
"40","672","5","164","self-employed","married","no"
"37","58","5","98","management","married","no"
"54","447","5","742","technician","single","no"
"24","423","5","226","student","single","no"
"54","0","5","120","management","married","no"
"34","19","5","362","technician","married","no"
"56","13","5","357","technician","divorced","no"
"31","3","5","200","blue-collar","single","no"
"24","82","5","204","student","single","no"
"42","28","5","126","blue-collar","divorced","no"
"57","792","5","65","technician","married","no"
"42","408","5","107","blue-collar","married","no"
"51","531","5","267","admin.","married","no"
"57","211","5","248","retired","married","no"
"36","62","5","215","services","single","no"
"53","257","5","209","services","married","no"
"50","1234","5","205","technician","married","no"
"54","313","5","83","management","married","no"
"55","89","5","106","blue-collar","married","no"
"44","129","5","189","blue-collar","married","no"
"43","0","5","105","management","married","no"
"56","353","5","106","admin.","married","no"
"54","851","5","108","technician","married","no"
"55","96","5","311","services","divorced","no"
"37","398","5","214","services","divorced","no"
"33","193","5","132","admin.","single","no"
"46","-358","5","358","admin.","married","no"
"36","539","5","453","blue-collar","married","no"
"51","0","5","364","technician","single","no"
"40","0","5","136","retired","single","no"
"42","490","5","386","blue-collar","married","no"
"51","0","5","173","blue-collar","married","no"
"49","403","5","241","blue-collar","married","no"
"48","161","5","224","management","married","no"
"32","2558","5","148","technician","divorced","no"
"31","98","5","196","admin.","single","no"
"55","115","5","111","management","single","no"
"40","436","5","231","blue-collar","single","no"
"47","831","5","316","technician","married","no"
"57","206","5","216","technician","married","no"
"41","290","5","240","blue-collar","married","no"
"48","1","5","669","blue-collar","married","no"
"42","57","5","425","blue-collar","married","no"
"30","-457","5","143","blue-collar","single","no"
"58","1387","5","174","management","single","no"
"45","24598","5","313","management","divorced","no"
"49","30","5","135","blue-collar","married","no"
"42","1022","5","146","admin.","single","no"
"53","56","5","152","technician","married","no"
"51","-2","5","402","admin.","single","no"
"32","121","5","213","services","single","no"
"41","842","5","144","blue-collar","single","no"
"43","693","5","124","management","divorced","no"
"40","-333","5","183","blue-collar","divorced","no"
"50","1533","5","325","blue-collar","married","no"
"34","46","5","39","management","married","no"
"53","18","5","503","services","married","no"
"45","44","5","95","technician","married","no"
"39","-100","5","680","blue-collar","married","no"
"44","510","5","421","services","married","no"
"55","685","5","174","management","married","no"
"46","187","5","113","management","single","no"
"45","66","5","808","blue-collar","married","no"
"34","560","5","198","admin.","married","no"
"36","0","5","195","blue-collar","married","no"
"59","27","5","347","unknown","divorced","no"
"31","12","5","208","admin.","single","no"
"44","34","5","404","blue-collar","single","no"
"33","1068","5","396","entrepreneur","single","no"
"40","211","5","216","blue-collar","married","no"
"46","377","5","98","admin.","single","no"
"48","263","5","350","management","married","no"
"42","1263","6","114","services","married","no"
"27","8","6","88","services","married","no"
"48","126","6","379","admin.","married","no"
"59","230","6","190","admin.","married","no"
"46","841","6","158","technician","married","no"
"38","308","6","102","admin.","divorced","no"
"43","1","6","306","management","divorced","no"
"38","86","6","218","admin.","divorced","no"
"23","157","6","54","student","single","no"
"34","22","6","344","services","married","no"
"38","46","6","195","admin.","married","no"
"37","1293","6","652","blue-collar","married","no"
"25","122","6","286","admin.","single","no"
"48","131","6","189","blue-collar","married","no"
"49","143","6","83","blue-collar","single","no"
"38","393","6","184","admin.","single","no"
"43","98","6","235","blue-collar","married","no"
"33","0","6","290","management","married","no"
"55","224","6","232","blue-collar","married","no"
"38","757","6","133","blue-collar","married","no"
"49","245","6","318","services","married","no"
"40","8486","6","260","management","married","no"
"43","350","6","437","admin.","married","no"
"38","20","6","402","blue-collar","married","no"
"58","1667","6","85","services","married","no"
"57","345","6","125","technician","married","no"
"32","10","6","501","unemployed","married","no"
"56","830","6","1201","management","married","yes"
"58","29","6","253","blue-collar","divorced","no"
"60","545","6","1030","retired","divorced","yes"
"37","8730","6","149","technician","married","no"
"46","477","6","114","technician","divorced","no"
"27","4","6","243","admin.","married","no"
"43","1205","6","769","blue-collar","married","no"
"32","0","6","135","technician","single","no"
"40","263","6","231","admin.","single","no"
"38","1","6","76","admin.","married","no"
"34","283","6","199","blue-collar","married","no"
"47","206","6","152","blue-collar","married","no"
"42","17","6","124","housemaid","married","no"
"48","141","6","424","technician","married","no"
"29","16","6","43","self-employed","single","no"
"50","206","6","154","services","married","no"
"52","7","6","203","technician","married","no"
"50","0","6","326","management","married","no"
"58","0","6","393","retired","married","no"
"46","1927","6","241","blue-collar","divorced","no"
"38","284","6","483","technician","married","no"
"46","1660","6","259","blue-collar","married","no"
"32","406","6","227","services","single","no"
"51","230","6","673","blue-collar","married","no"
"39","-25","6","576","admin.","single","no"
"48","182","6","180","admin.","married","no"
"36","1169","6","168","entrepreneur","married","no"
"34","67","6","90","admin.","divorced","no"
"40","77","6","505","technician","married","no"
"43","0","6","245","unemployed","married","no"
"52","55","6","186","blue-collar","divorced","no"
"33","72","6","623","technician","married","no"
"49","163","6","496","management","single","no"
"32","151","6","118","management","single","no"
"39","113","6","342","admin.","single","no"
"40","0","6","225","blue-collar","married","no"
"38","9","6","185","technician","single","no"
"43","375","6","196","management","married","no"
"39","1142","6","276","services","married","no"
"54","2102","6","76","blue-collar","married","no"
"38","4325","6","87","technician","single","no"
"40","217","6","195","blue-collar","married","no"
"55","131","6","744","admin.","married","no"
"42","1680","6","765","management","married","no"
"39","0","6","262","blue-collar","married","no"
"40","46","6","119","blue-collar","married","no"
"32","320","6","198","blue-collar","married","no"
"55","183","6","150","admin.","married","no"
"45","39","6","241","blue-collar","married","no"
"35","560","6","181","management","single","no"
"58","469","6","196","technician","divorced","no"
"35","530","6","149","admin.","married","no"
"49","61","6","246","services","married","no"
"34","242","6","112","technician","single","no"
"36","139","6","309","blue-collar","married","no"
"24","0","6","278","self-employed","single","no"
"34","367","6","140","technician","married","no"
"51","228","6","136","admin.","divorced","no"
"39","45248","6","1623","technician","single","yes"
"50","-84","6","101","self-employed","married","no"
"32","310","6","144","services","single","no"
"42","132","6","238","blue-collar","married","no"
"50","797","6","354","technician","married","no"
"40","71","6","79","services","married","no"
"46","2","6","187","management","divorced","no"
"37","231","6","451","management","married","no"
"34","270","6","159","blue-collar","married","no"
"44","274","6","409","blue-collar","married","no"
"40","-109","6","170","admin.","single","no"
"37","1","6","608","technician","married","yes"
"33","-60","6","243","blue-collar","single","no"
"35","89","6","145","blue-collar","married","no"
"58","-11","6","112","blue-collar","divorced","no"
"39","0","6","262","blue-collar","married","no"
"43","-509","6","124","blue-collar","married","no"
"39","408","6","53","unemployed","married","no"
"36","58","6","134","services","single","no"
"57","1640","6","204","retired","single","no"
"36","20","6","186","admin.","single","no"
"50","71","6","678","blue-collar","married","no"
"55","52","6","182","blue-collar","married","no"
"44","292","6","162","self-employed","married","no"
"44","424","6","27","services","divorced","no"
"39","109","6","699","housemaid","single","no"
"46","1044","6","43","blue-collar","married","no"
"39","983","6","97","blue-collar","married","no"
"34","869","6","1677","admin.","married","yes"
"40","668","6","283","blue-collar","married","no"
"50","964","6","323","management","married","no"
"31","301","6","82","management","single","no"
"37","140","6","310","admin.","single","no"
"39","1877","6","185","management","single","no"
"51","1127","6","47","blue-collar","married","no"
"41","871","6","145","technician","married","no"
"41","767","6","204","technician","married","no"
"43","0","6","187","blue-collar","married","no"
"30","209","6","30","services","single","no"
"54","0","6","472","management","divorced","no"
"43","110","6","448","blue-collar","divorced","no"
"59","-76","6","264","management","divorced","no"
"47","178","6","169","technician","married","no"
"40","-66","6","288","blue-collar","married","no"
"32","0","6","176","technician","married","no"
"29","1","6","215","blue-collar","married","no"
"36","0","6","337","blue-collar","married","no"
"55","5345","6","278","unemployed","married","no"
"30","-209","6","188","blue-collar","divorced","no"
"39","0","6","174","admin.","single","no"
"39","42","6","226","blue-collar","divorced","no"
"50","41","6","190","blue-collar","divorced","no"
"44","-99","6","111","blue-collar","married","no"
"37","17","6","164","technician","single","no"
"46","276","6","157","admin.","married","no"
"32","-170","6","46","technician","single","no"
"37","230","6","374","management","single","no"
"29","9","6","349","blue-collar","married","no"
"41","946","6","325","blue-collar","married","no"
"45","1297","6","233","blue-collar","married","no"
"57","-331","6","531","retired","divorced","no"
"48","44","6","153","blue-collar","single","no"
"60","15","6","80","retired","married","no"
"26","712","6","232","admin.","single","no"
"58","5435","6","118","retired","married","no"
"34","507","6","190","admin.","married","no"
"55","387","6","918","unemployed","divorced","yes"
"41","0","6","238","blue-collar","married","no"
"50","1716","6","82","management","divorced","no"
"49","167","6","198","entrepreneur","married","no"
"44","40","6","160","admin.","married","no"
"44","148","6","211","blue-collar","married","no"
"31","17","6","120","technician","married","no"
"34","1011","6","136","blue-collar","single","no"
"46","1527","6","269","management","single","no"
"42","744","6","157","management","married","no"
"52","484","6","128","admin.","married","no"
"29","0","6","211","management","single","no"
"53","136","6","267","retired","married","no"
"43","1335","6","371","blue-collar","married","no"
"38","517","6","288","management","married","no"
"46","459","6","221","management","married","no"
"48","549","6","427","management","divorced","no"
"30","83","6","310","admin.","divorced","no"
"44","213","6","158","blue-collar","married","no"
"31","203","6","604","housemaid","married","no"
"42","518","6","198","services","single","no"
"40","3877","6","145","management","single","no"
"52","1236","6","247","admin.","married","no"
"45","756","6","179","blue-collar","divorced","no"
"48","157","6","73","blue-collar","married","no"
"45","-66","6","263","blue-collar","married","no"
"34","245","6","13","blue-collar","married","no"
"34","-144","6","79","blue-collar","married","no"
"46","71","6","416","blue-collar","married","no"
"49","505","6","162","services","divorced","no"
"50","249","6","129","technician","married","no"
"34","0","6","150","admin.","single","no"
"40","11","6","43","unemployed","single","no"
"36","639","6","191","admin.","married","no"
"59","124","6","26","blue-collar","divorced","no"
"45","82","6","250","blue-collar","married","no"
"36","107","6","146","self-employed","married","no"
"56","473","6","416","services","married","no"
"42","372","6","121","services","divorced","no"
"30","46","6","114","admin.","married","no"
"30","34","6","289","student","single","no"
"47","935","6","225","self-employed","married","no"
"33","-10","6","123","blue-collar","married","no"
"36","-106","6","130","admin.","married","no"
"39","471","6","161","services","divorced","no"
"56","778","6","149","admin.","divorced","no"
"39","170","6","268","blue-collar","divorced","no"
"42","315","6","259","technician","married","no"
"52","3165","6","26","blue-collar","married","no"
"36","131","6","153","admin.","divorced","no"
"35","204","6","424","entrepreneur","married","no"
"47","83","6","179","technician","married","no"
"59","0","6","97","services","divorced","no"
"57","5431","6","383","blue-collar","married","no"
"38","1759","6","440","management","married","no"
"46","-125","6","23","unemployed","married","no"
"34","0","6","195","blue-collar","married","no"
"28","5090","6","1297","services","single","yes"
"38","573","6","87","technician","married","no"
"56","1602","6","427","blue-collar","married","no"
"41","-137","6","189","blue-collar","single","no"
"52","0","6","195","technician","married","no"
"54","193","6","179","services","married","no"
"61","195","6","179","retired","married","no"
"53","288","6","69","entrepreneur","married","no"
"47","19","6","105","technician","married","no"
"53","25","6","266","blue-collar","married","no"
"46","216","6","524","services","married","no"
"39","190","6","96","blue-collar","divorced","no"
"56","99","6","155","technician","divorced","no"
"55","2298","6","162","services","divorced","no"
"44","17","6","352","management","married","no"
"37","0","6","76","technician","married","no"
"35","0","6","154","blue-collar","married","no"
"55","840","6","310","blue-collar","married","no"
"37","358","6","390","services","married","no"
"30","0","6","369","technician","single","no"
"37","-325","6","112","blue-collar","married","no"
"36","-15","6","341","technician","single","no"
"38","581","6","79","technician","married","no"
"41","4070","6","140","admin.","divorced","no"
"48","74","6","315","retired","married","no"
"55","141","6","262","services","divorced","no"
"28","89","6","174","services","divorced","no"
"54","0","6","138","services","married","no"
"30","450","6","526","blue-collar","married","no"
"48","310","6","135","technician","married","no"
"31","0","6","36","self-employed","married","no"
"38","384","6","1906","blue-collar","married","no"
"37","395","6","219","blue-collar","married","no"
"37","-118","6","147","services","single","no"
"56","5","6","407","blue-collar","married","no"
"51","50","6","121","blue-collar","married","no"
"39","285","6","209","blue-collar","married","no"
"49","15","6","92","technician","married","no"
"51","653","6","208","blue-collar","married","no"
"43","918","6","193","self-employed","married","no"
"32","243","6","144","services","married","no"
"29","405","6","65","technician","single","no"
"48","1328","6","339","management","divorced","no"
"55","255","6","285","services","married","no"
"53","3397","6","231","blue-collar","married","no"
"47","2106","6","168","technician","married","no"
"39","2877","6","278","management","married","no"
"31","60","6","389","blue-collar","single","no"
"39","2226","6","158","blue-collar","married","no"
"40","2880","6","145","blue-collar","married","no"
"40","-5","6","78","technician","single","no"
"48","147","6","142","technician","married","no"
"33","7","6","87","technician","divorced","no"
"40","109","6","147","technician","married","no"
"59","-119","6","289","retired","married","no"
"30","484","6","703","technician","married","yes"
"31","1852","6","170","management","single","no"
"35","533","6","802","unemployed","married","no"
"54","21","6","381","technician","divorced","no"
"34","2434","6","218","admin.","single","no"
"32","90","6","57","technician","married","no"
"56","4246","6","304","admin.","divorced","no"
"32","395","6","241","admin.","single","no"
"42","15","6","230","blue-collar","married","no"
"33","85","6","262","services","married","no"
"52","-184","6","392","entrepreneur","married","no"
"52","660","6","201","services","married","no"
"52","-183","6","145","blue-collar","divorced","no"
"30","1144","6","252","unemployed","divorced","no"
"44","1","6","235","services","divorced","no"
"35","69","6","235","admin.","married","no"
"55","220","6","328","management","single","no"
"33","332","6","116","blue-collar","married","no"
"37","240","6","246","blue-collar","single","no"
"42","0","6","293","technician","single","no"
"43","0","6","37","unemployed","married","no"
"38","898","6","132","entrepreneur","married","no"
"37","123","6","530","technician","married","no"
"31","252","6","175","student","single","no"
"41","65","6","524","management","married","no"
"41","-366","6","29","technician","married","no"
"29","209","6","311","student","single","no"
"38","221","6","211","admin.","single","no"
"44","4","6","312","self-employed","divorced","no"
"39","104","6","412","admin.","married","no"
"28","312","6","392","technician","single","no"
"33","-349","6","191","blue-collar","married","no"
"41","4","6","284","services","married","no"
"40","-322","6","144","blue-collar","married","no"
"29","-150","6","328","admin.","married","no"
"38","1349","6","100","management","married","no"
"32","281","6","226","admin.","married","no"
"45","1259","6","507","services","married","no"
"33","101","6","392","admin.","single","no"
"34","848","6","684","blue-collar","married","no"
"41","89","6","333","entrepreneur","married","no"
"41","140","6","311","blue-collar","married","no"
"35","148","6","128","admin.","single","no"
"40","200","6","322","technician","single","no"
"60","46","6","202","self-employed","married","no"
"47","201","6","92","services","divorced","no"
"46","530","6","739","blue-collar","married","no"
"31","0","6","273","blue-collar","single","no"
"49","1","6","260","self-employed","married","no"
"29","43","6","268","blue-collar","married","no"
"31","-173","6","396","management","single","no"
"38","389","6","262","management","married","no"
"37","215","6","308","blue-collar","married","no"
"35","-131","6","467","technician","married","no"
"31","783","6","320","management","single","no"
"41","0","6","160","admin.","married","no"
"46","80","6","245","services","married","no"
"40","105","6","189","services","divorced","no"
"29","182","6","477","admin.","married","no"
"49","82","6","310","admin.","married","no"
"42","0","6","65","management","married","no"
"54","510","6","196","services","married","no"
"40","242","6","221","management","single","no"
"53","244","6","197","admin.","married","no"
"49","92","6","221","management","married","no"
"40","0","6","64","blue-collar","married","no"
"29","948","6","75","student","single","no"
"36","23","6","400","blue-collar","married","no"
"37","710","6","378","technician","married","no"
"39","1205","6","118","services","married","no"
"36","368","6","1597","technician","married","yes"
"44","1631","6","346","entrepreneur","married","no"
"40","6","6","60","admin.","married","no"
"49","26","6","276","blue-collar","married","no"
"30","-48","6","152","technician","single","no"
"57","2142","6","251","management","married","no"
"24","77","6","390","services","single","no"
"46","401","6","306","blue-collar","married","no"
"33","21","6","189","admin.","married","no"
"43","0","6","125","services","divorced","no"
"43","-497","6","234","admin.","single","no"
"40","369","6","79","blue-collar","divorced","no"
"44","78","6","13","technician","single","no"
"35","226","6","283","technician","single","no"
"47","503","6","109","technician","married","no"
"33","372","6","132","blue-collar","married","no"
"31","0","6","144","admin.","married","no"
"40","0","6","121","blue-collar","divorced","no"
"36","125","6","95","entrepreneur","married","no"
"56","4","6","31","retired","divorced","no"
"40","419","6","112","admin.","single","no"
"41","322","6","87","admin.","divorced","no"
"53","303","6","593","retired","married","no"
"39","607","6","99","blue-collar","married","no"
"44","579","6","198","blue-collar","divorced","no"
"38","3047","6","285","admin.","married","no"
"54","83","6","190","technician","divorced","no"
"58","68","6","172","management","married","no"
"52","58","6","213","blue-collar","married","no"
"28","251","6","178","admin.","single","no"
"36","688","6","174","blue-collar","married","no"
"60","364","6","631","retired","married","no"
"42","55","6","176","services","divorced","no"
"42","101","6","32","admin.","married","no"
"44","105","6","1529","management","married","no"
"51","325","6","254","blue-collar","divorced","no"
"49","198","6","200","blue-collar","married","no"
"47","209","6","135","entrepreneur","married","no"
"37","183","6","112","blue-collar","married","no"
"34","105","6","314","management","married","no"
"35","109","6","597","services","married","no"
"35","376","6","207","blue-collar","single","no"
"40","-7","6","410","blue-collar","married","no"
"55","0","6","160","technician","married","no"
"55","143","6","42","retired","married","no"
"35","550","6","55","management","single","no"
"57","162","6","155","blue-collar","married","no"
"53","115","6","336","management","married","no"
"41","512","6","233","blue-collar","married","no"
"57","807","6","211","blue-collar","married","no"
"45","248","6","88","blue-collar","married","no"
"43","1211","6","208","blue-collar","married","no"
"56","7","6","305","self-employed","married","no"
"31","281","6","206","entrepreneur","married","no"
"37","88","6","128","blue-collar","single","no"
"30","32","6","122","management","married","no"
"30","115","6","66","admin.","single","no"
"54","254","6","66","blue-collar","married","no"
"36","144","6","164","management","married","no"
"55","383","6","343","unemployed","married","no"
"37","569","6","126","admin.","single","no"
"38","0","6","59","housemaid","married","no"
"48","3754","6","249","admin.","married","no"
"55","6920","6","406","housemaid","divorced","no"
"59","307","6","250","services","married","no"
"37","-421","6","183","technician","married","no"
"33","60","6","190","blue-collar","divorced","no"
"44","67","6","220","blue-collar","married","no"
"57","402","6","153","technician","married","no"
"30","800","6","95","self-employed","single","no"
"42","239","6","191","technician","married","no"
"51","421","6","216","blue-collar","divorced","no"
"44","161","7","89","admin.","divorced","no"
"46","289","7","51","technician","married","no"
"29","110","7","169","student","single","no"
"39","245","7","148","blue-collar","married","no"
"42","0","7","132","services","married","no"
"50","156","7","117","blue-collar","married","no"
"42","0","7","275","technician","single","no"
"39","20","7","124","admin.","married","no"
"55","92","7","118","technician","single","no"
"46","89","7","479","services","married","no"
"42","166","7","285","blue-collar","married","no"
"45","103","7","35","management","married","no"
"43","-454","7","322","blue-collar","married","no"
"42","445","7","202","admin.","married","no"
"30","4","7","172","admin.","married","no"
"47","1001","7","201","blue-collar","married","no"
"51","-69","7","216","services","divorced","no"
"38","42","7","195","technician","single","no"
"57","1617","7","96","technician","married","no"
"42","221","7","720","management","divorced","no"
"32","210","7","188","technician","divorced","no"
"46","0","7","70","management","married","no"
"29","185","7","141","student","single","no"
"59","836","7","106","retired","married","no"
"32","301","7","395","blue-collar","single","no"
"44","503","7","629","blue-collar","married","no"
"40","407","7","502","retired","married","no"
"31","53","7","446","blue-collar","single","no"
"46","2303","7","241","self-employed","married","no"
"43","144","7","131","management","married","no"
"34","205","7","312","services","married","no"
"39","305","7","275","management","married","no"
"30","251","7","120","blue-collar","divorced","no"
"56","0","7","333","retired","married","no"
"29","8","7","113","technician","married","no"
"40","139","7","91","blue-collar","divorced","no"
"36","184","7","128","services","married","no"
"37","238","7","200","blue-collar","single","no"
"35","0","7","326","admin.","married","no"
"35","0","7","292","blue-collar","married","no"
"47","222","7","68","services","married","no"
"31","414","7","215","services","married","no"
"56","223","7","97","retired","single","no"
"57","197","7","32","technician","married","no"
"36","-251","7","162","blue-collar","married","no"
"45","-139","7","152","self-employed","divorced","no"
"47","733","7","268","blue-collar","married","no"
"29","0","7","104","technician","single","no"
"57","1","7","852","services","married","no"
"45","97","7","923","blue-collar","married","no"
"31","435","7","159","blue-collar","single","no"
"31","0","7","953","management","divorced","no"
"37","147","7","416","technician","single","no"
"30","3","7","174","technician","single","no"
"58","1109","7","180","services","divorced","no"
"33","404","7","139","services","married","no"
"39","981","7","294","blue-collar","married","no"
"33","95","7","102","blue-collar","single","no"
"34","302","7","124","services","married","no"
"36","-290","7","128","services","divorced","no"
"37","259","7","130","services","single","no"
"35","527","7","143","blue-collar","married","no"
"55","102","7","74","retired","married","no"
"34","872","7","105","management","single","no"
"40","490","7","477","management","divorced","no"
"42","19","7","158","blue-collar","single","no"
"37","16","7","250","blue-collar","married","no"
"42","386","7","168","management","married","no"
"35","539","7","520","technician","single","no"
"44","-329","7","171","technician","divorced","no"
"30","-174","7","113","services","single","no"
"45","68","7","254","entrepreneur","married","no"
"35","-532","7","149","blue-collar","single","no"
"36","0","7","133","admin.","divorced","no"
"49","64","7","293","blue-collar","married","no"
"31","1415","7","485","blue-collar","single","no"
"31","147","7","374","technician","single","no"
"39","72","7","425","blue-collar","married","no"
"37","-196","7","207","services","single","no"
"33","716","7","83","blue-collar","married","no"
"37","0","7","228","management","married","no"
"42","-246","7","149","services","married","no"
"56","-203","7","139","blue-collar","married","no"
"37","245","7","732","admin.","single","yes"
"36","342","7","142","services","single","no"
"29","3","7","359","technician","single","no"
"54","-248","7","112","management","married","no"
"38","376","7","1521","blue-collar","married","no"
"43","370","7","216","blue-collar","divorced","no"
"47","594","7","161","admin.","single","no"
"47","387","7","122","blue-collar","married","no"
"38","208","7","800","services","married","no"
"40","563","7","615","blue-collar","married","no"
"33","392","7","254","services","divorced","no"
"33","165","7","111","retired","married","no"
"53","236","7","354","admin.","divorced","no"
"37","52","7","359","services","married","no"
"40","1265","7","97","management","single","no"
"37","693","7","327","blue-collar","married","no"
"35","118","7","236","technician","married","no"
"49","3659","7","160","blue-collar","married","no"
"26","24","7","180","blue-collar","single","no"
"38","673","7","184","management","single","no"
"52","273","7","227","self-employed","married","no"
"33","327","7","109","services","divorced","no"
"31","299","7","492","admin.","single","no"
"32","0","7","298","blue-collar","married","no"
"35","109","7","83","blue-collar","single","no"
"55","552","7","241","management","divorced","no"
"32","473","7","204","blue-collar","divorced","no"
"37","414","7","131","unknown","single","no"
"45","154","7","1138","blue-collar","married","yes"
"31","344","7","123","technician","married","no"
"38","8","7","125","admin.","married","no"
"37","78","7","295","services","married","no"
"38","266","7","287","blue-collar","married","no"
"33","98","7","109","housemaid","married","no"
"38","83","7","140","blue-collar","married","no"
"37","45","7","204","management","single","no"
"29","8","7","233","unemployed","married","no"
"42","263","7","254","management","married","no"
"40","306","7","184","blue-collar","married","no"
"32","233","7","193","management","married","no"
"47","447","7","126","management","divorced","no"
"29","872","7","230","student","single","no"
"53","-291","7","591","services","divorced","yes"
"31","309","7","294","services","married","no"
"59","202","7","173","blue-collar","married","no"
"29","56","7","336","entrepreneur","married","no"
"59","229","7","19","blue-collar","married","no"
"44","143","7","153","blue-collar","married","no"
"38","100","7","786","admin.","single","yes"
"49","326","7","99","admin.","married","no"
"43","167","7","243","blue-collar","married","no"
"52","545","7","260","admin.","single","no"
"40","2100","7","164","admin.","married","no"
"32","0","7","255","services","married","no"
"47","192","7","47","admin.","married","no"
"33","442","7","463","management","married","no"
"35","267","7","192","management","married","no"
"27","0","7","388","services","single","no"
"50","377","7","221","blue-collar","married","no"
"44","7624","7","126","retired","married","no"
"43","66","7","175","self-employed","married","no"
"51","37","7","256","blue-collar","married","no"
"32","64","7","202","admin.","single","no"
"47","34","7","104","management","divorced","no"
"34","627","7","283","admin.","divorced","no"
"57","1013","7","448","self-employed","married","no"
"43","140","7","127","admin.","single","no"
"40","8823","7","378","services","single","no"
"28","97","7","67","blue-collar","single","no"
"38","5","7","221","blue-collar","married","no"
"37","74","7","150","unemployed","divorced","no"
"44","58544","7","144","admin.","married","no"
"41","169","7","296","technician","married","no"
"37","444","7","401","self-employed","married","no"
"30","542","7","435","services","single","no"
"32","-205","7","388","blue-collar","married","no"
"30","112","7","245","management","single","no"
"35","39","7","143","services","married","no"
"55","1268","7","223","blue-collar","married","no"
"52","-98","7","423","blue-collar","married","no"
"33","44","7","231","admin.","married","no"
"55","-90","7","634","retired","married","no"
"33","0","7","107","blue-collar","married","no"
"40","-94","7","227","blue-collar","married","no"
"39","-345","7","69","blue-collar","married","no"
"54","-932","7","799","blue-collar","married","no"
"39","20","7","109","blue-collar","married","no"
"49","90","7","127","blue-collar","married","no"
"52","31","7","120","admin.","married","no"
"27","134","7","68","management","single","no"
"26","0","7","180","services","married","no"
"40","61","7","112","blue-collar","married","no"
"47","-5","7","444","blue-collar","married","no"
"31","-45","7","246","services","single","no"
"53","156","7","259","blue-collar","single","no"
"31","564","7","223","services","married","no"
"33","-6","7","566","admin.","married","no"
"35","528","7","274","services","married","no"
"46","1481","7","49","entrepreneur","married","no"
"31","2019","7","380","management","married","no"
"35","1855","7","138","technician","single","no"
"29","147","7","376","management","married","no"
"51","220","7","421","technician","married","no"
"33","198","7","121","blue-collar","married","no"
"37","115","7","36","management","married","no"
"43","87","7","328","admin.","single","no"
"42","644","7","19","technician","married","no"
"28","225","7","866","blue-collar","married","no"
"57","502","7","229","retired","married","no"
"38","-32","7","154","services","married","no"
"39","106","7","56","blue-collar","married","no"
"36","301","7","1581","technician","married","no"
"57","906","7","117","retired","married","no"
"44","187","7","185","management","married","no"
"48","852","7","202","services","divorced","no"
"46","143","7","279","blue-collar","married","no"
"43","71","7","180","admin.","married","no"
"49","1496","7","218","services","married","no"
"29","703","7","129","services","single","no"
"53","732","7","530","blue-collar","married","no"
"30","21","7","104","services","single","no"
"41","276","7","60","management","divorced","no"
"33","0","7","432","technician","married","no"
"47","550","7","113","blue-collar","married","no"
"58","268","7","516","retired","married","no"
"31","-825","7","179","unemployed","married","no"
"38","137","7","125","admin.","single","no"
"60","42","7","386","retired","married","no"
"33","54","7","262","management","single","no"
"33","1716","7","396","unemployed","single","no"
"52","270","7","294","admin.","married","no"
"42","803","7","171","blue-collar","married","no"
"30","102","7","614","technician","single","no"
"33","188","7","118","entrepreneur","divorced","no"
"46","207","7","485","admin.","divorced","no"
"51","1466","7","406","blue-collar","married","no"
"40","350","7","287","unemployed","single","no"
"50","159","7","216","admin.","married","no"
"42","157","7","650","entrepreneur","married","no"
"38","0","7","55","technician","married","no"
"36","91","7","371","admin.","single","no"
"37","849","7","166","unemployed","divorced","no"
"33","436","7","48","management","married","no"
"38","-1","7","72","blue-collar","single","no"
"52","297","7","55","blue-collar","married","no"
"29","313","7","144","blue-collar","married","no"
"37","310","7","474","blue-collar","married","no"
"34","475","7","559","admin.","married","no"
"43","61","7","261","blue-collar","married","no"
"49","1377","7","1101","services","married","no"
"33","56","7","236","technician","single","no"
"47","0","7","164","admin.","married","no"
